incident_id;title;description;severity;module;timestamp_opened;timestamp_resolved;root_cause;resolution_steps;troubleshooting_log_excerpt;issue_type;tags;related_docs;incident_category;module_owner;severity_weight;status
INC-10000;Search infra issue ERR_SEA_7265;Intermittent search timeouts and failures observed by users hitting /api/search;cache miss pattern and thread contention during peak queries.;P3;Search;2025-09-21T16:00:34Z;2025-09-25T23:00:34Z;Thread-pool exhaustion due to heavy parallel index refresh + stale cache leading to NPE in request handler;"[\""Restarted search-service gracefully\"",\""Flush local search cache and validated TTLs\"",\""Scaled search replicas from 3 -> 5\"",\""Applied circuit-breaker to upstream index requests\"",\""Added request-level timeouts and alert rule for queue length\""]";"2025-09-21T16:00:34.189Z ERROR SearchService [reqId=78fabc12] NullPointerException at SearchHandler.handle(SearchHandler.java:112)
2025-09-21T16:00:34.190Z WARN SearchService ThreadPool-5 queue-size=153; active=48; max=50
2025-09-21T16:00:35.005Z INFO RetryPolicy Retrying request (policy=exp-backoff, attempt=2)";infra;search,infra,cache;"[\""DOC-700\"",\""DOC-701\""]";service-failure;SearchOps;0.4;resolved
INC-10001;Inventory infra issue ERR_INV_7949;Inventory API returning intermittent timeouts and authentication retries to DB observed;auth handshake sometimes fails causing connection churn.;P3;Inventory;2025-08-16T02:22:34Z;2025-08-17T03:05:12Z;Transient auth token expiry and connection pool misconfiguration causing repeated re-auth and timeout.;"[\""Rotate affected auth keys\"",\""Increase DB pool max connections from 50 -> 100\"",\""Add token-caching layer with 5m TTL\"",\""Restart inventory-service after pool resize\"",\""Monitor 5xx rate for 24h\""]";"2025-08-16T02:22:34.189Z ERROR InventoryService [req=aa23] DBConnectionTimeout: could not get connection in 30s
2025-08-16T02:22:34.190Z WARN AuthClient token fetch failed (status=502)
2025-08-16T02:22:35.004Z INFO PoolManager resizing pool to 80";infra;inventory,infra,db;"[\""DOC-500\"",\""DOC-501\""]";dependency-failure;InventoryOps;0.4;resolved
INC-10002;Inventory bug issue ERR_INV_1189;Repeated cache invalidation bugs causing stale reads and occasional duplicate order allocations.;P3;Inventory;2025-10-17T06:11:34Z;2025-10-25T02:11:34Z;Race condition in cache invalidation callback producing stale inventory reads.;"[\""Apply fix to cache invalidation handler to use compare-and-swap\"",\""Backfill corrected inventory snapshots\"",\""Invalidate caches cluster-wide with version token\"",\""Add unit tests for concurrent invalidation\"",\""Release hotfix v2.1.3\""]";"2025-10-17T06:11:34.189Z ERROR InventoryCache [req=cb7] CacheInvalidationRaceException at CacheManager.invalidate(CacheManager.java:88)
2025-10-17T06:11:34.240Z INFO InventoryService Returning cached value older-than 5m
2025-10-17T06:12:01.005Z INFO Reconciler started jobId=inv-reconcile-20251017";bug;inventory,bug,cache;"[\""DOC-500\"",\""DOC-502\""]";cache-corruption;InventoryOps;0.4;resolved
INC-10003;Inventory performance issue ERR_INV_9792;Inventory queries experiencing elevated p95 latency during batch reindex jobs and during deployments.;P3;Inventory;2025-11-24T00:31:34Z;;"Background reindex combined with insufficient DB read replicas; query plans show full table scans.";"[\""Throttle reindex jobs to off-peak hours\"",\""Add read replicas and update connection routing\"",\""Optimize slow SQL and add indexes\"",\""Enable query sampling alerts\"",\""Schedule maintenance window for reindex\""]";"2025-11-24T00:31:34.189Z WARN InventoryReindex Job[20251124] high CPU 88%
2025-11-24T00:31:35.003Z ERROR SQLExecutor slow query detected duration=4500ms; query=\""select * from inventory where updated_at > ?\"
"2025-11-24T00:31:36.006Z INFO Autoscaler scaled replicas +2""";performance;inventory,performance,db;"[\""DOC-500\"",\""DOC-503\""]";db-latency;InventoryOps;0.4;unresolved
INC-10004;Payments data issue ERR_PAY_9226;Payment processing failures where payloads lost on queue handoff causing partial payments and reconciliation mismatches.;P3;Payments;2025-09-24T18:39:34Z;2025-09-25T02:39:34Z;Message queue ack mis-handled during high I/O causing dropped events.;"[\""Restarted queue broker and processed dead-letter queue\"",\""Enable at-least-once delivery for payments topic\"",\""Add idempotency keys to payment processor\"",\""Run reconciliation script to reconcile missing payments\"",\""Add monitoring for queue lag and DLQ size\""]";"2025-09-24T18:39:34.189Z ERROR PaymentWorker [msgId=pay-993] Failed to ack message due to BrokerIOException
2025-09-24T18:39:34.400Z WARN MQClient re-queued message attempt=1
2025-09-24T18:40:01.110Z INFO Reconciler matched 12 missing transactions";data;payments,data,mq;"[\""DOC-200\"",\""DOC-202\""]";queue-backlog;PaymentsOps;0.4;resolved
INC-10005;Payments config issue ERR_PAY_7873;Misconfigured payment gateway timeout defaults caused increased client timeouts and retries.;P3;Payments;2025-08-06T05:16:34Z;2025-08-06T08:02:10Z;Config drift: different timeout defaults across deployment groups causing cascading retries.;"[\""Rollback to last known-good config\"",\""Standardize gateway timeout to 10s across envs\"",\""Deploy config as immutable artifact\"",\""Add config drift detector job\"",\""Document config values in DOC-202\""]";"2025-08-06T05:16:34.189Z WARN PaymentsConfigManager found mismatch env=prod vs env=canary gateway.timeout=5s vs 20s
2025-08-06T05:17:01.005Z INFO Rolling back canary changes
2025-08-06T05:20:12.110Z INFO Restarted payments-service with standardized config";config;payments,config,deploy;"[\""DOC-202\""]";config-drift;PaymentsOps;0.4;resolved
INC-10006;Catalog performance issue ERR_CAT_5887;Catalog service p95 latency spike impacting browse and search faceting, causing checkout friction.;P1;Catalog;2025-07-16T13:28:34Z;2025-07-21T04:28:34Z;Memory leak in product cache loader causing OOM and GC pressure.;"[\""Restart catalog-service instances\"",\""Roll out memory-fix v3.2.1\"",\""Increase heap to absorb traffic during patch\"",\""Run heap-dump analysis and fix leak\"",\""Add GC and OOM alerts to Ops dashboard\""]";"2025-07-16T13:28:34.189Z ERROR JVM [pid=1234] OutOfMemoryError: Java heap space
2025-07-16T13:28:34.500Z WARN GC concurrent-mark-sweep pause=820ms
2025-07-16T13:30:03.001Z INFO HeapDump saved to /var/dumps/heap-20250716.hprof";memory;catalog,performance,oom;"[\""DOC-400\"",\""DOC-402\""]";memory-leak;CatalogOps;1.0;resolved
INC-10007;Search bug issue ERR_SEA_6258;Search returned inconsistent results after rolling index update;relevancy degraded for subset of queries.;P3;Search;2025-11-15T08:36:34Z;2025-11-17T23:36:34Z;Index schema mismatch after partial migration caused missing fields in documents.;"[\""Rollback faulty index migration\"",\""Rebuild index with correct schema\"",\""Add migration pre-checks\"",\""Add integration tests for index migration\"",\""Publish step-by-step migration runbook (DOC-700)\""]";"2025-11-15T08:36:34.189Z ERROR IndexMigrator FieldMappingException: field 'title' missing for docId=ab12
2025-11-15T08:36:35.003Z WARN Rolling restart in progress node=search-3
2025-11-15T08:38:02.101Z INFO Reindex job started jobId=reindex-1115";bug;search,bug,index;"[\""DOC-700\"",\""DOC-702\""]";deployment-failure;SearchOps;0.4;resolved
INC-10008;Auth config issue ERR_AUT_7278;Auth service returned intermittent 401s after a recent config change to token lifetime.;P3;Auth;2025-07-19T01:35:34Z;2025-07-20T05:35:34Z;Config change shortened token TTL causing tokens to expire mid-session and race on renewal.;"[\""Revert token TTL to previous value\"",\""Notify clients of TTL change\"",\""Add graceful token renewal flow\"",\""Sync all auth servers clocks and timezones\"",\""Add canary testing for auth config changes\""]";"2025-07-19T01:35:34.189Z WARN AuthService token validation failed user=usr987 reason=expired
2025-07-19T01:35:35.004Z INFO TokenService issuing new token for user=usr987
2025-07-19T01:40:00.100Z INFO Canary auth-server passed health checks";config;auth,config,token;"[\""DOC-100\"",\""DOC-101\""]";config-drift;AuthOps;0.4;resolved
INC-10009;Search performance issue ERR_SEA_6056;Search p99 latency and increased error rates during peak traffic window;some nodes saturated.;P3;Search;2025-11-27T05:24:34Z;2025-11-28T16:24:34Z;Hot shards and uneven query routing causing node overload.;"[\""Evacuate hot shards to balanced nodes\"",\""Increase search cache size\"",\""Enable slow-query logging for 72h\"",\""Apply routing rule to distribute queries\"",\""Add shard-aware autoscaling policy\""]";"2025-11-27T05:24:34.189Z WARN NodeLoadBalancer node=search-2 load=94% shard-hot=true
2025-11-27T05:24:35.003Z ERROR QueryProcessor p99 latency 3800ms
2025-11-27T05:25:01.101Z INFO Rebalance scheduled";performance;search,performance,shard;"[\""DOC-700\"",\""DOC-701\""]";scaling;SearchOps;0.4;resolved
INC-10010;Payments infra issue ERR_PAY_8721;Payments downstream DB showing connection timeouts under high load, intermittent 502s returned to clients.;P2;Payments;2025-09-21T04:17:34Z;2025-09-24T22:17:34Z;DB connection pool exhausted due to long-running reconciliation queries.;"[\""Limit reconciliation batch size\"",\""Increase DB pool connections\"",\""Optimize reconciliation SQL\"",\""Add query timeout\"",\""Implement pagination for reconciliation\""]";"2025-09-21T04:17:34.189Z ERROR DBPool maxWaitExceeded: waited 30000ms
2025-09-21T04:17:35.003Z WARN Reconciler job running longer-than-expected duration=3600s
2025-09-21T04:20:00.100Z INFO Scaled payments-db read replicas +2";infra;payments,infra,db;"[\""DOC-200\"",\""DOC-202\""]";db-latency;PaymentsOps;0.7;resolved
INC-10011;Notifications performance issue ERR_NOT_7668;Notifications queue lag spiked causing delayed emails and mobile push delivery.;P2;Notifications;2025-11-15T02:47:34Z;2025-11-16T14:47:34Z;Consumer lag due to single-threaded worker and a sudden increase in backfill traffic.;"[\""Scale notification workers horizontally\"",\""Enable batch-processing for high-volume topics\"",\""Process DLQ and monitor lag\"",\""Implement backpressure on producers\"",\""Document runbook for queue saturation (DOC-601)\""]";"2025-11-15T02:47:34.189Z WARN ConsumerGroup lag=12000 messages topic=notifications.high-priority
2025-11-15T02:47:35.004Z INFO Worker restarted (pid=442) due to OOM kill
2025-11-15T02:50:01.110Z INFO DLQ drained 4k messages";performance;notifications,performance,queue;"[\""DOC-600\"",\""DOC-601\""]";queue-backlog;NotificationsOps;0.7;resolved
INC-10012;Payments bug issue ERR_PAY_4627;Intermittent double-charging detected for specific 3rd-party gateway path during retries.;P4;Payments;2025-09-14T11:57:34Z;2025-09-15T15:57:34Z;Lack of idempotency handling when retrying on gateway timeouts.;"[\""Add idempotency-key handling to payment endpoint\"",\""Run reconciliation and refund duplicates\"",\""Add gateway-specific retry policy\"",\""Add integration test for retry semantics\"",\""Document fix in DOC-200\""]";"2025-09-14T11:57:34.189Z ERROR PaymentProcessor received duplicate callback txnId=txn-1122
2025-09-14T11:57:35.004Z INFO Reconciler detected duplicate=2
2025-09-14T11:58:01.100Z INFO Refund issued for duplicate txnId=txn-1122";bug;payments,bug,idempotency;"[\""DOC-200\"",\""DOC-201\""]";data-consistency;PaymentsOps;0.2;resolved
INC-10013;Search bug issue ERR_SEA_6864;Search returning 500 for specific query patterns;error originated from JSON parsing layer after special characters.;P4;Search;2025-09-27T13:37:34Z;2025-10-02T14:37:34Z;Unescaped characters in user queries hit serializer causing runtime exception.;"[\""Sanitize user input at edge\"",\""Patch serializer to handle unicode escapes\"",\""Add fuzz tests for edge-cases\"",\""Deploy hotfix and monitor ERR rates\"",\""Update docs for supported query characters\""]";"2025-09-27T13:37:34.189Z ERROR JsonSerializer UnexpectedCharacterException at Serializer.java:47 input='\\uD83D'
2025-09-27T13:37:34.400Z WARN EdgeProxy returned 400 for malformed request
2025-09-27T13:40:12.101Z INFO Hotfix deployed search-service v1.9.2""];bug;search,bug,serializer;""[\""DOC-700\"",\""DOC-702\""]";input-validation;SearchOps;0.2;resolved
INC-10014;Auth bug issue ERR_AUT_2495;Users intermittently cannot login;stack shows race in session creation under high concurrency.;P3;Auth;2025-07-09T19:46:34Z;2025-07-12T06:46:34Z;Race condition in session-store leading to occasional session overwrite and authentication failure.;"[\""Patch session-store to use optimistic locking\"",\""Perform session data migration\"",\""Add monitoring for auth-failure spikes\"",\""Deploy change across all auth nodes\"",\""Add session-concurrency tests\""]";"2025-07-09T19:46:34.189Z ERROR SessionStore [req=usr-321] ConcurrentModificationException at SessionStore.java:221
2025-07-09T19:46:35.004Z WARN AuthService loginFailCount++ user=usr-321
2025-07-09T19:50:01.110Z INFO Migration script applied";bug;auth,bug,session;"[\""DOC-100\"",\""DOC-101\""]";race-condition;AuthOps;0.4;resolved
INC-10015;Catalog config issue ERR_CAT_1698;Catalog returning stale configuration causing incompatible feature flags between regions.;P2;Catalog;2025-10-15T20:57:34Z;2025-10-16T06:12:00Z;Config propagation delay due to broken config-sync job.;"[\""Restart config-sync job\"",\""Manually propagate latest config to region B\"",\""Add versioned config propagation\"",\""Add test for config-sync failure\"",\""Document rollout process (DOC-402)\""]";"2025-10-15T20:57:34.189Z WARN ConfigSync last_applied_version=2025-10-14 region=B lag=95m
2025-10-15T20:58:01.005Z INFO Manual propagate successful
2025-10-15T21:05:05.101Z INFO ConfigSync job restarted";config;catalog,config,flags;"[\""DOC-402\"",\""DOC-400\""]";config-drift;CatalogOps;0.7;resolved
INC-10016;Inventory bug issue ERR_INV_2707;Inventory API occasionally returns negative stock for SKUs after concurrent adjustments.;P2;Inventory;2025-10-31T21:10:34Z;2025-11-01T02:20:05Z;Missing transactional boundary around inventory decrement operations causing negative stock.;"[\""Add DB transaction for inventory adjustments\"",\""Add DB constraint to prevent negative stock\"",\""Backfill and correct negative entries\"",\""Add unit tests for concurrent updates\"",\""Publish fix and monitor\""]";"2025-10-31T21:10:34.189Z ERROR InventoryService Failed to apply delta sku=SKU-221 reason=partial-commit
2025-10-31T21:10:35.004Z INFO Reconciler detected negative entries count=5
2025-10-31T21:30:01.110Z INFO Backfill correction applied";bug;inventory,bug,tx;"[\""DOC-500\"",\""DOC-503\""]";data-consistency;InventoryOps;0.7;resolved
INC-10017;Orders bug issue ERR_ORD_3931;Orders API intermittently created duplicate orders when retrying on payment timeout, leading to double shipments.;P2;Orders;2025-07-18T00:23:34Z;2025-07-20T21:23:34Z;Missing idempotency key handling in orders submit path during payment retry.;"[\""Enforce idempotency header on orders-create\"",\""Run reconciliation for duplicates\"",\""Add compensating cancel for duplicate shipments\"",\""Add integration tests for retried payments\"",\""Update DOC-301 with new pattern\""]";"2025-07-18T00:23:34.189Z ERROR OrdersService DuplicateOrderException orderRef=ord-777 attempt=2
2025-07-18T00:23:35.003Z INFO Reconciler detected duplicates=3
2025-07-18T00:25:01.101Z INFO Compensating cancellations issued";bug;orders,bug,idempotency;"[\""DOC-301\"",\""DOC-303\""]";data-consistency;OrdersOps;0.7;resolved
INC-10018;Auth performance issue ERR_AUT_7546;High auth p95 latency causing login slowness for certain regions correlated with token verification timeouts.;P2;Auth;2025-09-02T05:47:34Z;2025-09-10T00:47:34Z;Remote token verification service had intermittent timeouts resulting in blocking auth flow.;"[\""Add local cache for token verification\"",\""Fallback to cached verification on timeout\"",\""Increase token-verifier pool\"",\""Instrument verifier with metrics\"",\""Coordinate with verifier team for SLA improvements\""]";"2025-09-02T05:47:34.189Z WARN TokenVerifier call timeout=5100ms endpoint=verifier.internal
2025-09-02T05:47:35.004Z INFO Using cached verification result for user=usr-211
2025-09-02T05:50:12.110Z INFO Token verifier team fixed transient DB restarts";performance;auth,performance,token;"[\""DOC-100\"",\""DOC-102\""]";dependency-failure;AuthOps;0.7;resolved
INC-10019;Catalog config issue ERR_CAT_9155;Config mismatch caused image proxy URLs to be rewritten incorrectly in production.;P4;Catalog;2025-07-08T03:12:34Z;2025-07-08T06:30:00Z;Broken environment templating replaced hostnames incorrectly in image URLs.;"[\""Fix templating variables in config artifact\"",\""Backfill corrected image URLs\"",\""Add config lint step in CI\"",\""Add environment validation checks\"",\""Document templating variables (DOC-400)\""]";"2025-07-08T03:12:34.189Z ERROR TemplateEngine variable HOSTNAME unresolved-> replaced with 'null'
2025-07-08T03:15:05.004Z INFO Backfill job corrected 3500 image URLs
2025-07-08T03:30:01.101Z INFO CI lint added validation";config;catalog,config,templating;"[\""DOC-400\""]";config-drift;CatalogOps;0.2;resolved
INC-10020;Orders config issue ERR_ORD_3049;Orders service experienced partial outages due to misapplied feature-toggle causing incompatible API schema.;P2;Orders;2025-09-13T01:53:34Z;2025-09-17T18:53:34Z;"Feature-toggle incorrectly rolled out without contract bump; older clients failed deserialization.";"[\""Rollback feature-toggle\"",\""Add contract compatibility checks\"",\""Add versioned endpoints for transitional rollout\"",\""Notify clients of enforced schema change\"",\""Add pre-deploy contract tests\""]";"2025-09-13T01:53:34.189Z ERROR OrdersDeserializer UnexpectedFieldException at OrdersDeserializer.java:67
2025-09-13T01:54:05.004Z WARN Canary clients failing schema checks
2025-09-13T02:05:01.101Z INFO Rollback completed";config;orders,config,feature-flag;"[\""DOC-303\"",\""DOC-304\""]";config-drift;OrdersOps;0.7;resolved
INC-10021;Auth infra issue ERR_AUT_7295;Auth nodes failed to join cluster after OS-level kernel patch applied, causing reduced capacity.;P2;Auth;2025-07-10T22:32:34Z;2025-07-17T02:32:34Z;"Kernel patch caused ephemeral network interface name changes; cluster membership failed.";"[\""Revert kernel patch on affected nodes\"",\""Standardize network interface naming in init scripts\"",\""Rejoin auth nodes to cluster\"",\""Add pre-patch checklist and canary\"",\""Document post-patch validation steps\""]";"2025-07-10T22:32:34.189Z ERROR ClusterManager NodeJoinFailed node=auth-3 reason=ifcfg mismatch
2025-07-10T22:33:01.005Z INFO Rolling restart auth cluster
2025-07-10T22:40:12.110Z INFO Node rejoined cluster";infra;auth,infra,cluster;"[\""DOC-101\"",\""DOC-102\""]";deployment-failure;AuthOps;0.7;resolved
INC-10022;Orders data issue ERR_ORD_3557;Orders reconciliation failed producing mismatched totals between microservices and ledger.;P4;Orders;2025-11-05T11:44:34Z;2025-11-10T03:44:34Z;Ledger ingestion lag produced temporary mismatch during high-volume runs.;"[\""Process ledger backlog\"",\""Add watermarking to ingestion pipeline\"",\""Add monitoring for ledger-lag\"",\""Reconcile mismatched totals\"",\""Add runbook entry in DOC-303\""]";"2025-11-05T11:44:34.189Z WARN LedgerIngest lag=900s last_processed_id=9821
2025-11-05T11:45:01.004Z INFO Backfill job started
2025-11-05T12:20:01.110Z INFO Matched 98% of transactions";data;orders,data,ledger;"[\""DOC-303\"",\""DOC-305\""]";ingestion-lag;OrdersOps;0.2;resolved
INC-10023;Payments performance issue ERR_PAY_6699;Payments p95 increased due to synchronous calls to external billing partner during settlement, blocking main request path.;P3;Payments;2025-09-16T09:37:34Z;2025-09-16T11:20:00Z;"Synchronous partner call in hot path causing blocking; partner had intermittent slowness.";"[\""Move partner call to async settlement queue\"",\""Add timeout + circuit-breaker for partner call\"",\""Add metrics around partner latency\"",\""Retry with exponential backoff\"",\""Add stubbed integration tests for partner behavior\""]";"2025-09-16T09:37:34.189Z WARN ExternalBilling timeout=4500ms endpoint=billing.partner
2025-09-16T09:37:35.003Z ERROR PaymentController blocked waiting partner response
2025-09-16T09:40:01.101Z INFO Queued settlement async";performance;payments,performance,partner;"[\""DOC-200\"",\""DOC-201\""]";dependency-failure;PaymentsOps;0.4;resolved
INC-10024;Search bug issue ERR_SEA_2045;Search returned 503 for a subset of queries after partial node outage;logs show NPE in query routing.;P3;Search;2025-11-17T02:44:34Z;2025-11-22T01:44:34Z;Query router didn't handle missing shard metadata after rolling upgrade causing NPE.;"[\""Revert routing change\"",\""Add guard for missing shard metadata\"",\""Rebuild routing metadata from cluster state\"",\""Add graceful degradation to 503 fallback\"",\""Update DOC-700 with troubleshooting steps\""]";"2025-11-17T02:44:34.189Z ERROR QueryRouter NullPointerException at QueryRouter.java:210
2025-11-17T02:44:35.003Z WARN Rolling-restart detected inconsistent cluster-state
2025-11-17T02:50:12.101Z INFO Metadata rebuilt from primary node";bug;search,bug,router;"[\""DOC-700\"",\""DOC-702\""]";service-failure;SearchOps;0.4;resolved
INC-10025;Orders performance issue ERR_ORD_6600;Orders service experiencing slow writes to order-store in peak;write latency causing UI timeouts.;P3;Orders;2025-08-06T22:46:34Z;2025-08-11T13:46:34Z;Order-store hitting IO saturation due to large synchronous attachments being stored with orders.;"[\""Offload attachments to object-store and store references\"",\""Throttle concurrent writes\"",\""Add write-ahead buffer\"",\""Optimize underlying IO subsystem\"",\""Add docs for attachment best-practices (DOC-303)\""]";"2025-08-06T22:46:34.189Z WARN OrderStore fsync latency=230ms
2025-08-06T22:47:01.005Z ERROR AttachmentService attempted large upload size=120MB
2025-08-06T22:50:01.110Z INFO Moved attachments to object-store";performance;orders,performance,io;"[\""DOC-303\"",\""DOC-304\""]";io-pressure;OrdersOps;0.4;resolved
INC-10026;Shipping data issue ERR_SHI_2060;Shipping microservice produced incorrect address normalizations after a change in the address-canonicalizer library.;P2;Shipping;2025-10-12T08:22:34Z;2025-10-17T05:22:34Z;Library upgrade introduced regression in address parsing rules leading to misrouted shipments.;"[\""Pin address-canonicalizer to previous stable release\"",\""Run bulk address normalization job\"",\""Create compatibility tests for address formats\"",\""Add canary tests for shipping changes\"",\""Document normalization behavior in DOC-800\""]";"2025-10-12T08:22:34.189Z ERROR AddressCanonicalizer UnexpectedToken at Parser.java:58 input='Flat 2B'
2025-10-12T08:23:01.005Z INFO Re-run normalization fixed 320 addresses
2025-10-12T09:30:12.110Z INFO Rolled back library upgrade";data;shipping,data,normalization;"[\""DOC-800\"",\""DOC-802\""]";regression;ShippingOps;0.7;resolved
INC-10027;Catalog performance issue ERR_CAT_9319;Catalog search facets slow due to joining across multiple microservices synchronously.;P2;Catalog;2025-07-04T15:43:34Z;2025-07-07T10:43:34Z;Synchronous multi-service calls in facet aggregation causing request tail latency.;"[\""Convert facet aggregation to async fan-out\"",\""Cache aggregated facet results\"",\""Introduce partial-response fallback\"",\""Add timeouts to service calls\"",\""Document recommended architecture (DOC-400)\""]";"2025-07-04T15:43:34.189Z WARN FacetAggregator p95 latency 1800ms
2025-07-04T15:44:35.004Z INFO Converted to async aggregator
2025-07-04T15:50:01.101Z INFO Cache hit rate improved";performance;catalog,performance,aggregation;"[\""DOC-400\"",\""DOC-403\""]";architecture-flaw;CatalogOps;0.7;resolved
INC-10028;Orders config issue ERR_ORD_4009;Orders service failed to load new payment provider credentials due to mount permission changes.;P3;Orders;2025-08-20T02:32:34Z;2025-08-26T09:32:34Z;"Container filesystem permission changes prevented credentials mount; provider auth failed.";"[\""Fix mount permissions in deployment manifest\"",\""Rotate provider credentials\"",\""Add validation in startup health-check\"",\""Document mount policy in DOC-303\"",\""Add CI check for mount permissions\""]";"2025-08-20T02:32:34.189Z ERROR ContainerInit failed to load /secrets/payment-creds permission denied
2025-08-20T02:32:35.003Z WARN ProviderAuth failed status=403
2025-08-20T03:10:12.101Z INFO Permissions corrected and restart succeeded";config;orders,config,mounts;"[\""DOC-303\""]";config-drift;OrdersOps;0.4;resolved
INC-10029;Shipping infra issue ERR_SHI_3806;Shipping worker nodes intermittently lose network connectivity to courier API causing failed shipments.;P3;Shipping;2025-11-22T15:42:34Z;2025-11-29T17:42:34Z;Intermittent network partition between shipping cluster and courier gateway due to overloaded edge router.;"[\""Failover to alternate egress via tunnel\"",\""Engage infra to fix edge router\"",\""Retry failed shipments from DLQ\"",\""Add multi-region egress routing\"",\""Document failover steps in DOC-801\""]";"2025-11-22T15:42:34.189Z WARN Network egress latency spike node=ship-02 lat=450ms
2025-11-22T15:42:35.003Z ERROR CourierAPI ConnectionRefused
2025-11-22T15:50:12.101Z INFO Failover to tunnel established";infra;shipping,infra,network;"[\""DOC-801\"",\""DOC-802\""]";network-partition;ShippingOps;0.4;resolved
INC-10030;Inventory bug issue ERR_INV_7655;Inventory returned NPE in stock lookup leading to 500s for specific SKUs after metadata migration.;P1;Inventory;2025-09-15T05:48:34Z;2025-09-17T22:48:34Z;Null pointer triggered by missing vendor metadata after schema migration.;"[\""Backfill missing vendor metadata\"",\""Add null-safety guards in lookup path\"",\""Redeploy inventory-service\"",\""Add migration validation checks\"",\""Update DOC-502 with migration checklist\""]";"2025-09-15T05:48:34.189Z ERROR InventoryLookup NullPointerException at InventoryLookup.java:77
2025-09-15T05:48:35.004Z INFO Backfill script started
2025-09-15T06:20:01.110Z INFO Backfill completed";bug;inventory,bug,migration;"[\""DOC-502\"",\""DOC-503\""]";schema-mismatch;InventoryOps;1.0;resolved
INC-10031;Search bug issue ERR_SEA_7293;Search service returned 503 during burst traffic;tracing shows thread starvation and blocked IO.;P1;Search;2025-08-06T04:02:34Z;2025-08-11T09:02:34Z;Thread starvation from synchronous disk reads in hot path causing service unavailability.;"[\""Restart search nodes\"",\""Add async IO for disk reads\"",\""Tune thread-pool and buffer sizes\"",\""Move to faster storage for hot shards\"",\""Add runbook for burst events\""]";"2025-08-06T04:02:34.189Z ERROR SearchWorker ThreadPoolExecutor rejectedExecution at java.util.concurrent.ThreadPoolExecutor
2025-08-06T04:02:35.003Z WARN DiskIO read latency=120ms for /data/index/seg-12
2025-08-06T04:10:01.101Z INFO Storage tier moved hot shards to SSD";bug;search,bug,thread,io;"[\""DOC-701\"",\""DOC-702\""]";io-pressure;SearchOps;1.0;resolved
INC-10032;Payments infra issue ERR_PAY_4124;Payments service hit a certificate expiration causing failed TLS handshakes to external partners for a period.;P4;Payments;2025-11-15T16:20:34Z;2025-11-16T00:20:34Z;Expired certificate on partner-facing endpoint causing TLS failures.;"[\""Replace expired certificate\"",\""Coordinate with partners for trust update\"",\""Add cert expiry monitor and alerts\"",\""Add automated cert rotation in CI/CD\"",\""Update DOC-202 with cert rotation steps\""]";"2025-11-15T16:20:34.189Z ERROR TLSHandshake PartnerTLSHandshakeException cert=expired CN=payments.internal
2025-11-15T16:21:05.004Z INFO Deployed new cert
2025-11-15T16:30:01.101Z INFO TLS handshakes restored";infra;payments,infra,cert;"[\""DOC-202\"",\""DOC-200\""]";ssl-misconfig;PaymentsOps;0.2;resolved
INC-10033;Notifications data issue ERR_NOT_2693;Notification templates returning invalid placeholders causing delivery failures to some channels.;P3;Notifications;2025-09-04T00:37:34Z;2025-09-08T10:37:34Z;Template rendering error due to missing personalization keys in certain user profiles.;"[\""Identify faulty templates and add safe defaults\"",\""Patch templating engine to ignore missing keys\"",\""Re-run deliveries for failed messages\"",\""Add schema validation for templates\"",\""Document template patterns in DOC-604\""]";"2025-09-04T00:37:34.189Z ERROR TemplateEngine KeyError: 'first_name' in template notif-33
2025-09-04T00:40:01.005Z INFO Fixed templates and requeued 142 messages
2025-09-04T01:30:01.110Z INFO Delivery success rate resumed";data;notifications,data,template;"[\""DOC-604\"",\""DOC-603\""]";input-validation;NotificationsOps;0.4;resolved
INC-10034;Search config issue ERR_SEA_2150;Search node config drifted leading to inconsistent query analyzers across cluster and relevancy regressions.;P2;Search;2025-07-06T04:29:34Z;2025-07-06T07:00:00Z;Config drift in analyzer settings after manual tuning on one node.;"[\""Re-sync analyzer config across nodes\"",\""Run analyzer A/B test to confirm parity\"",\""Add config lint step\"",\""Lock config via centralized store\"",\""Update DOC-702 with analyzer doc\""]";"2025-07-06T04:29:34.189Z WARN Analyzer mismatch node=search-1 analyzer=standard vs node=search-2 analyzer=custom
2025-07-06T04:30:01.005Z INFO Re-synced configs from central store
2025-07-06T05:00:01.101Z INFO Parity achieved";config;search,config,analyzer;"[\""DOC-702\"",\""DOC-701\""]";config-drift;SearchOps;0.7;resolved
INC-10035;Auth bug issue ERR_AUT_4343;Auth token renewal failing intermittently causing mid-session logout for some users.;P3;Auth;2025-10-31T01:36:34Z;2025-11-05T10:36:34Z;Token renewal endpoint dropped requests under heavy load due to thread leak.;"[\""Patch thread leak in token-renewer\"",\""Restart token-renewer service\"",\""Add circuit-breaker to token endpoint\"",\""Add auto-scale policy for token-renewer\"",\""Add DOC-101 runbook entry for token issues\""]";"2025-10-31T01:36:34.189Z ERROR TokenRenewer thread leak detected active=78 leaked=12
2025-10-31T01:36:35.004Z WARN OOM risk if not restarted
2025-10-31T02:00:01.110Z INFO Restart and patch applied";bug;auth,bug,token;"[\""DOC-101\"",\""DOC-102\""]";memory-leak;AuthOps;0.4;resolved
INC-10036;Catalog infra issue ERR_CAT_6188;Catalog instances failing health checks after noisy neighbor on host VM spiking I/O, causing rolling restarts.;P3;Catalog;2025-10-08T15:57:34Z;2025-10-09T06:15:00Z;Host-level noisy neighbor causing I/O saturation and container restarts.;"[\""Migrate affected containers to other hosts\"",\""Engage infra to isolate noisy neighbor\"",\""Add node-level IO monitoring\"",\""Add placement constraints to scheduler\"",\""Document mitigation in DOC-403\""]";"2025-10-08T15:57:34.189Z WARN NodeMonitor ioUtil=99% host=vm-54
2025-10-08T15:57:35.004Z ERROR Container exited with status=137 OOMKilled
2025-10-08T16:10:01.110Z INFO Migration completed";infra;catalog,infra,io;"[\""DOC-403\"",\""DOC-404\""]";noisy-neighbor;CatalogOps;0.4;resolved
INC-10037;Shipping data issue ERR_SHI_6881;Shipping calculation returned wrong ETA after time-zone handling update, leading to early/late delivery windows.;P4;Shipping;2025-11-12T00:25:34Z;2025-11-16T05:25:34Z;Timezone normalization regression in ETA calc after library upgrade.;"[\""Revert timezone library to stable version\"",\""Add timezone unit tests\"",\""Backfill corrected ETA for affected shipments\"",\""Add docs on timezone handling (DOC-801)\"",\""Schedule regression test in CI\""]";"2025-11-12T00:25:34.189Z ERROR ETACalculator IncorrectTZException localTz=UTC+5:30
2025-11-12T00:26:01.005Z INFO Library rollback completed
2025-11-12T02:00:01.101Z INFO Backfill ETA completed";data;shipping,data,timezone;"[\""DOC-801\""]";regression;ShippingOps;0.2;resolved
INC-10038;Catalog config issue ERR_CAT_5611;Catalog returned 404s for image assets after CDN rewrite rules changed during deployment.;P2;Catalog;2025-09-14T23:07:34Z;2025-09-15T00:07:34Z;CDN rewrite rule incorrectly stripping path prefixes for images.;"[\""Revert CDN rewrite rules\"",\""Purge CDN cache\"",\""Update deployment pipeline to validate CDN rules\"",\""Add path-preserving rule in config\"",\""Document CDN behavior (DOC-403)\""]";"2025-09-14T23:07:34.189Z ERROR CDN edge returned 404 for /images/product/1234
2025-09-14T23:08:01.005Z INFO Purged CDN cache
2025-09-14T23:20:01.101Z INFO CDN rules validated";config;catalog,config,cdn;"[\""DOC-403\""]";config-drift;CatalogOps;0.7;resolved
INC-10039;Catalog config issue ERR_CAT_6052;Configuration causing cache key collision leading to wrong item details being served.;P3;Catalog;2025-07-08T16:59:34Z;2025-07-15T09:59:34Z;Cache key scheme used non-unique fields causing collisions across tenants.;"[\""Change cache key to include tenantId\"",\""Invalidate existing cache\"",\""Add cache key uniqueness tests\"",\""Deploy change and monitor collisions\"",\""Update DOC-404 runbook\""]";"2025-07-08T16:59:34.189Z WARN Cache collision detected key=product:123 tenant=null
2025-07-08T17:00:01.005Z INFO Updated cache key scheme
2025-07-08T17:30:01.101Z INFO Collision count reduced to 0";config;catalog,config,cache;"[\""DOC-404\"",\""DOC-400\""]";cache-collision;CatalogOps;0.4;resolved
INC-10040;Auth infra issue ERR_AUT_6726;Auth service reports degraded performance due to insufficient file descriptors on JVM causing socket accept failures.;P3;Auth;2025-10-13T20:37:34Z;2025-10-14T02:00:00Z;OS ulimit too low after node provisioning causing socket accept errors at peak.;"[\""Increase ulimit on auth nodes\"",\""Restart auth-service processes\"",\""Add provisioning step to set ulimit\"",\""Add health-check for socket failures\"",\""Document provisioning check in DOC-101\""]";"2025-10-13T20:37:34.189Z ERROR ServerSocket accept failed java.net.SocketException: Too many open files
2025-10-13T20:38:01.005Z WARN Connection drops observed
2025-10-13T21:00:01.101Z INFO ulimit increased and services restarted";infra;auth,infra,ulimit;"[\""DOC-101\""]";resource-limit;AuthOps;0.4;resolved
INC-10041;Auth performance issue ERR_AUT_9306;High CPU on auth nodes causing elevated login latency;profiling shows expensive regex in username normalization.;P3;Auth;2025-09-17T23:46:34Z;2025-09-24T17:46:34Z;Inefficient username normalization regex causing CPU spikes at scale.;"[\""Replace expensive regex with optimized parser\"",\""Add rate-limiter on login attempts\"",\""Profile and reduce CPU hotspots\"",\""Add regression test in CI for normalization speed\"",\""Update DOC-102 architecture guidance\""]";"2025-09-17T23:46:34.189Z WARN CPU user=94% pid=1221 process=auth-normalizer
2025-09-17T23:47:05.004Z INFO Applied regex optimization patch
2025-09-18T00:00:01.101Z INFO CPU normalized";performance;auth,performance,regex;"[\""DOC-101\"",\""DOC-102\""]";cpu-hotspot;AuthOps;0.4;resolved
INC-10042;Payments performance issue ERR_PAY_8164;Payments settlement delayed due to synchronous ledger writes blocking processing pipeline.;P3;Payments;2025-07-05T15:44:34Z;2025-07-06T12:44:34Z;Synchronous ledger writes blocking worker pool under settlement bursts.;"[\""Buffer ledger writes asynchronously\"",\""Increase worker pool size\"",\""Add backpressure to upstream producers\"",\""Optimize ledger write path\"",\""Add monitoring for ledger write latency\""]";"2025-07-05T15:44:34.189Z WARN SettlementWorker blocked waiting ledger write duration=3200ms
2025-07-05T15:44:35.003Z INFO Buffered ledger writes; drained 1200 entries
2025-07-05T16:00:01.101Z INFO Pipeline resumed normal throughput";performance;payments,performance,ledger;"[\""DOC-200\"",\""DOC-201\""]";blocking-call;PaymentsOps;0.4;resolved
INC-10043;Shipping bug issue ERR_SHI_7806;Shipping calculation occasionally used stale courier rates causing incorrect totals.;P4;Shipping;2025-08-27T02:03:34Z;2025-08-31T02:03:34Z;Rate cache TTL misconfigured and not invalidated leading to stale rates being applied.;"[\""Invalidate and refresh rate cache\"",\""Add TTL to cache entries\"",\""Add monitoring for rate-calc variance\"",\""Add integration test for rate updates\"",\""Document cache behavior in DOC-801\""]";"2025-08-27T02:03:34.189Z ERROR RateService returned oldRate effectiveDate=2024-01-01
2025-08-27T02:05:05.004Z INFO Cache refreshed successfully
2025-08-27T03:00:01.101Z INFO Correct totals re-calculated";bug;shipping,bug,cache;"[\""DOC-801\""]";cache-staleness;ShippingOps;0.2;resolved
INC-10044;Orders bug issue ERR_ORD_1728;Orders service throwing transaction serialization errors under high concurrency causing rollback and retry storms.;P2;Orders;2025-09-15T02:49:34Z;2025-09-19T18:49:34Z;DB transaction isolation conflicts causing serialization failures and retries.;"[\""Adjust transaction isolation or implement optimistic retries\"",\""Add idempotency and backoff\"",\""Tune DB indices to reduce contention\"",\""Add alert for high serialization failures\"",\""Document recommended pattern in DOC-303\""]";"2025-09-15T02:49:34.189Z ERROR DB SerializationFailure at order_insert txId=553
2025-09-15T02:50:01.005Z WARN Retry storm detected attempts=4
2025-09-15T03:30:01.101Z INFO Implemented optimistic retry handler";bug;orders,bug,db,tx;"[\""DOC-303\"",\""DOC-305\""]";db-contention;OrdersOps;0.7;resolved
INC-10045;Catalog infra issue ERR_CAT_1717;Catalog instances reported high thread-blocking due to expensive image processing in request thread.;P4;Catalog;2025-10-25T02:12:34Z;2025-10-26T06:12:34Z;Image processing performed inline on request threads causing thread blocking and degraded throughput.;"[\""Offload image processing to async worker pool\"",\""Add request timeout\"",\""Add circuit-breaker for image service\"",\""Refactor image handler to non-blocking API\"",\""Update DOC-403 architecture notes\""]";"2025-10-25T02:12:34.189Z WARN ImageProcessor processingTime=2200ms on request-thread
2025-10-25T02:15:05.004Z INFO Offloaded processing to workers
2025-10-25T02:20:01.101Z INFO Throughput restored";infra;catalog,infra,image;"[\""DOC-403\"",\""DOC-404\""]";blocking-call;CatalogOps;0.2;resolved
INC-10046;Orders data issue ERR_ORD_4636;Orders event stream missing ordering guarantees causing out-of-order events and inventory mismatches.;P3;Orders;2025-10-07T04:03:34Z;2025-10-09T07:15:00Z;Message producer occasionally used non-partitioned topic for order updates causing ordering loss.;"[\""Move order-updates to partitioned topic keyed by orderId\"",\""Add monotonically-increasing sequence numbers\"",\""Replay events to rebuild correct order sequence\"",\""Add producer validation in DOC-303\"",\""Monitor ordering metrics\""]";"2025-10-07T04:03:34.189Z ERROR StreamProcessor OutOfOrderEvent orderId=ord-990 seq=7 currentSeq=9
2025-10-07T04:05:01.005Z INFO Replayed missing events to restore order
2025-10-07T05:00:01.101Z INFO Ordering metrics normalized";data;orders,data,stream;"[\""DOC-303\"",\""DOC-305\""]";event-ordering;OrdersOps;0.4;resolved
INC-10047;Payments config issue ERR_PAY_7801;Payments service returned 429s due to incorrect rate-limit configuration applied to high-throughput endpoints.;P1;Payments;2025-07-06T21:49:34Z;2025-07-10T00:49:34Z;Global rate-limit set too low for production traffic on critical endpoints.;"[\""Increase rate limit for critical endpoints\"",\""Apply differential rate limits per client tier\"",\""Add graceful 429 handling and retry headers\"",\""Add CI guardrail for rate-limit changes\"",\""Document rate-limit policy in DOC-202\""]";"2025-07-06T21:49:34.189Z ERROR RateLimiter exceeded for endpoint=/api/payments/submit client=web-frontend
2025-07-06T21:50:01.005Z WARN Uplift limits and queue bursts
2025-07-06T22:00:01.101Z INFO Rate limits updated";config;payments,config,rate-limit;"[\""DOC-202\"",\""DOC-200\""]";rate-limit;PaymentsOps;1.0;resolved
INC-10048;Search config issue ERR_SEA_2540;Search nodes inconsistent analyzer leading to search relevance drift across nodes after partial config promotion.;P3;Search;2025-11-12T02:09:34Z;2025-11-17T04:09:34Z;Partial promotion of analyzer config without cluster-wide rollout caused inconsistent query behavior.;"[\""Re-promote analyzer config cluster-wide\"",\""Add staged rollout with canaries\"",\""Add config checksum validation\"",\""Patch promotion script to verify all nodes\"",\""Document promotion steps in DOC-702\""]";"2025-11-12T02:09:34.189Z WARN ConfigPromoter node=search-4 analyzer=old
2025-11-12T02:10:01.005Z INFO Promotion completed on remaining nodes
2025-11-12T02:30:01.101Z INFO Relevance metrics restored";config;search,config,analyzer;"[\""DOC-702\"",\""DOC-701\""]";config-drift;SearchOps;0.4;resolved
INC-10049;Notifications bug issue ERR_NOT_8419;Notifications worker threw serialization exception when sending iOS push payload with unexpected fields.;P4;Notifications;2025-09-30T08:37:34Z;2025-10-03T06:37:34Z;Payload contract change introduced unexpected field causing serializer failure.;"[\""Make serializer tolerant to unknown fields\"",\""Add versioning to payload schema\"",\""Re-send failed notifications\"",\""Add contract tests in DOC-604\"",\""Coordinate with product for schema changes\""]";"2025-09-30T08:37:34.189Z ERROR PushSerializer UnknownFieldException field=promo_code
2025-09-30T08:38:01.005Z INFO Serializer patched and requeued 320 messages
2025-09-30T09:10:01.101Z INFO Delivery resumed";bug;notifications,bug,serializer;"[\""DOC-604\""]";schema-mismatch;NotificationsOps;0.2;resolved
INC-10050;Payments infra issue ERR_PAY_4709;Payments docketing pipeline failed to emit settlement events intermittently due to worker OOMs.;P2;Payments;2025-08-29T06:29:34Z;;Worker JVM experiencing out-of-memory when processing large settlement batches causing pipeline gaps.;"[\""Increase worker heap and add memory limit guard\"",\""Partition large batches into smaller jobs\"",\""Add backpressure for upstream producers\"",\""Install heap-dump exporter on OOM\"",\""Add monitoring for worker memory\""]";"2025-08-29T06:29:34.189Z ERROR SettlementWorker OOMKilled pid=784 heap=2.3GB
2025-08-29T06:30:01.005Z WARN Batch processing halted
2025-08-29T06:45:01.101Z INFO Restarted workers with higher heap";infra;payments,infra,oom;"[\""DOC-200\"",\""DOC-201\""]";memory-leak;PaymentsOps;0.7;unresolved
INC-10051;Search performance issue ERR_SEA_9112;Search p95 latency spiked during index compaction causing user-visible delays.;P3;Search;2025-09-26T04:32:34Z;2025-09-27T09:10:12Z;Index compaction triggered on multiple shards simultaneously causing IO saturation.;"[\""Throttle compaction jobs\"",\""Stagger compaction windows\"",\""Add IO fairness scheduler\"",\""Enable compaction alerts\"",\""Document compaction tuning in DOC-700\""]";"2025-09-26T04:32:34.189Z WARN CompactorShard-2 IOUtil=92%
2025-09-26T04:32:35.003Z ERROR SearchShard read latency 1800ms
2025-09-26T04:50:12.101Z INFO Compaction throttled";performance;search,performance,io;"[\""DOC-700\"",\""DOC-701\""]";io-pressure;SearchOps;0.4;resolved
INC-10052;Inventory bug issue ERR_INV_5510;Inventory returned inconsistent stock levels after partial data migration to new vendor table.;P3;Inventory;2025-10-18T11:12:34Z;2025-10-22T03:12:34Z;Partial vendor migration left orphaned records causing mismatched stock reads.;"[\""Fix vendor lookup join\"",\""Backfill missing vendor rows\"",\""Rollback partial migration\"",\""Add migration verification script\"",\""Document migration steps in DOC-502\""]";"2025-10-18T11:12:34.189Z ERROR VendorLookup MissingVendorException id=VND-445
2025-10-18T11:13:05.004Z INFO Backfill started
2025-10-18T12:20:12.101Z INFO Vendor rows synced";bug;inventory,bug,migration;"[\""DOC-502\"",\""DOC-503\""]";schema-mismatch;InventoryOps;0.4;resolved
INC-10053;Orders config issue ERR_ORD_3157;Orders service rejecting requests due to invalid config for service-region mapping.;P4;Orders;2025-07-23T06:44:34Z;2025-07-23T15:44:34Z;Incorrect region-mapping file promoted causing 400 for clients in region C.;"[\""Fix region mapping file\"",\""Add schema check for region-map\"",\""Add version to region-map files\"",\""Deploy corrected config\"",\""Document mapping schema in DOC-303\""]";"2025-07-23T06:44:34.189Z WARN RegionMap missing entry region=C
2025-07-23T06:45:01.005Z INFO Using fallback region-map
2025-07-23T07:10:12.101Z INFO Mapped region=C correctly";config;orders,config,region;"[\""DOC-303\"",\""DOC-304\""]";config-drift;OrdersOps;0.2;resolved
INC-10054;Payments infra issue ERR_PAY_5920;Payments queues backed up due to slow ledger writes causing settlement delays.;P2;Payments;2025-08-18T09:30:34Z;2025-08-22T04:30:34Z;Disk latency increased due to failing storage node handling ledger DB writes.;"[\""Failover ledger DB writes\"",\""Replace failing storage node\"",\""Enable multi-AZ writes\"",\""Add ledger write buffering\"",\""Add doc entry for failover (DOC-202)\""]";"2025-08-18T09:30:34.189Z ERROR LedgerDB write latency 6200ms
2025-08-18T09:31:05.003Z WARN Queue backlog=8700
2025-08-18T09:40:12.110Z INFO Failover complete";infra;payments,infra,db;"[\""DOC-200\"",\""DOC-202\""]";db-latency;PaymentsOps;0.7;resolved
INC-10055;Catalog bug issue ERR_CAT_4144;Catalog facets missing from UI due to faulty serialization of facet-values.;P3;Catalog;2025-08-03T03:15:34Z;2025-08-04T04:15:34Z;Null in facet-value serializer after schema bump.;"[\""Patch serializer for null-handling\"",\""Regenerate facet cache\"",\""Add serialization tests\"",\""Add contract validation\"",\""Update DOC-400 with edge-cases\""]";"2025-08-03T03:15:34.189Z ERROR FacetSerializer NullValueException facet=color
2025-08-03T03:16:01.005Z INFO Regenerated facet cache
2025-08-03T03:30:12.110Z INFO All facets valid";bug;catalog,bug,serializer;"[\""DOC-400\"",\""DOC-403\""]";input-validation;CatalogOps;0.4;resolved
INC-10056;Auth data issue ERR_AUT_6962;Auth login failures observed for older accounts due to missing password-hash algorithm mapping.;P2;Auth;2025-10-26T00:22:34Z;2025-10-27T03:22:34Z;Legacy accounts using deprecated hashing algorithm not supported in latest auth-service release.;"[\""Add fallback hasher\"",\""Support migrating legacy hashes\"",\""Notify affected users\"",\""Add hash-type logging\"",\""Document legacy hash support in DOC-100\""]";"2025-10-26T00:22:34.189Z ERROR AuthHash UnsupportedAlgorithmError algo=MD5-old
2025-10-26T00:23:05.003Z INFO Migrated legacy hash for user=usr889
2025-10-26T01:00:12.110Z INFO Legacy hash migration complete";data;auth,data,hash;"[\""DOC-100\"",\""DOC-101\""]";schema-mismatch;AuthOps;0.7;resolved
INC-10057;Shipping infra issue ERR_SHI_3011;Shipping workers stuck retrying courier API due to DNS misconfiguration.;P3;Shipping;2025-11-06T12:57:34Z;2025-11-06T20:57:34Z;DNS resolver caching invalid records caused courier API lookups to fail intermittently.;"[\""Flush DNS cache\"",\""Fix DNS resolver upstream\"",\""Add DNS TTL check\"",\""Add fallback IP in config\"",\""Document DNS recovery steps in DOC-801\""]";"2025-11-06T12:57:34.189Z ERROR DNSResolver NXDOMAIN courier.api.com
2025-11-06T12:58:01.005Z WARN Retry attempt=3
2025-11-06T13:20:12.110Z INFO DNS fixed";infra;shipping,infra,dns;"[\""DOC-801\"",\""DOC-802\""]";network-failure;ShippingOps;0.4;resolved
INC-10058;Notifications performance issue ERR_NOT_5002;Push notifications delayed up to 20 minutes due to batching logic stuck in loop.;P3;Notifications;2025-11-14T03:22:34Z;2025-11-15T07:22:34Z;Batch aggregator encountered rare infinite-loop condition under specific message order.;"[\""Patch aggregator logic\"",\""Reset batch queue\"",\""Add safety cutoff for loops\"",\""Add monitoring metric for stuck batches\"",\""Document batching flow in DOC-601\""]";"2025-11-14T03:22:34.189Z WARN BatchAggregator loop-detected id=batch-99
2025-11-14T03:23:01.005Z INFO Queue flushed
2025-11-14T04:10:12.101Z INFO Throughput normalized";performance;notifications,performance,batch;"[\""DOC-600\"",\""DOC-601\""]";queue-backlog;NotificationsOps;0.4;resolved
INC-10059;Orders bug issue ERR_ORD_1188;Orders created without tax component for certain regions after tax-service timeout.;P2;Orders;2025-11-09T06:49:34Z;2025-11-10T08:49:34Z;Tax-service returned intermittent timeouts causing fallback path to skip tax calculation.;"[\""Increase tax-service timeout\"",\""Retry tax calc with exponential backoff\"",\""Add fallback caching\"",\""Re-calc tax for affected orders\"",\""Document tax fallback in DOC-303\""]";"2025-11-09T06:49:34.189Z ERROR TaxService timeout=5200ms region=EU
2025-11-09T06:50:01.005Z INFO Tax recalc queued for 240 orders
2025-11-09T08:10:12.110Z INFO Recalc complete";bug;orders,bug,tax;"[\""DOC-303\"",\""DOC-304\""]";dependency-failure;OrdersOps;0.7;resolved
INC-10060;Payments config issue ERR_PAY_3350;Payments processor returning 403 after API key rotated without updating downstream service.;P2;Payments;2025-08-11T03:45:34Z;2025-08-11T09:45:34Z;API key rotation mismatch between services causing unauthorized calls.;"[\""Update rotated API key\"",\""Sync key across services\"",\""Add key-versioning\"",\""Add pre-rotate validation\"",\""Add DOC-200 entry about key rotations\""]";"2025-08-11T03:45:34.189Z ERROR PartnerAPI 403 invalid-api-key
2025-08-11T03:46:05.003Z INFO Synced key to payment-worker
2025-08-11T04:20:12.110Z INFO Requests authorized";config;payments,config,key;"[\""DOC-200\"",\""DOC-202\""]";config-drift;PaymentsOps;0.7;resolved
INC-10061;Inventory performance issue ERR_INV_4401;Inventory batch sync job overloaded DB connections causing frontend timeouts.;P3;Inventory;2025-09-09T00:59:34Z;2025-09-10T07:59:34Z;Sync job using too many parallel workers caused DB contention.;"[\""Reduce worker threads\"",\""Tune DB pool size\"",\""Throttle batch sync\"",\""Add sync-time windows\"",\""Document sync best-practices in DOC-503\""]";"2025-09-09T00:59:34.189Z WARN SyncJob workers=50 poolMax=40
2025-09-09T01:00:12.005Z ERROR DB contention detected
2025-09-09T02:20:12.110Z INFO Sync job normalized";performance;inventory,performance,db;"[\""DOC-503\"",\""DOC-500\""]";db-contention;InventoryOps;0.4;resolved
INC-10062;Search config issue ERR_SEA_5158;Search results inconsistent after analyzers misconfigured during partial deployment.;P3;Search;2025-11-02T15:14:34Z;2025-11-03T08:14:34Z;Analyzer configuration not fully applied on two nodes.;"[\""Reapply analyzer config\"",\""Invalidate node caches\"",\""Add analyzer checksum\"",\""Add rollout guard\"",\""Document analyzer behavior in DOC-702\""]";"2025-11-02T15:14:34.189Z WARN Analyzer mismatch node=search-7
2025-11-02T15:15:05.004Z INFO Re-applied analyzer
2025-11-02T16:10:12.110Z INFO Relevance restored";config;search,config,analyzer;"[\""DOC-702\"",\""DOC-700\""]";config-drift;SearchOps;0.4;resolved
INC-10063;Notifications data issue ERR_NOT_7281;SMS templates failed for specific language codes due to missing translation entries.;P4;Notifications;2025-10-01T09:30:34Z;2025-10-03T06:30:34Z;Missing translation mapping for new language code 'fr-CA'.;"[\""Add translation entry\"",\""Requeue failed SMS\"",\""Add schema validation for templates\"",\""Introduce fallback language\"",\""Document translation rules in DOC-604\""]";"2025-10-01T09:30:34.189Z ERROR TemplateMissingTranslation lang=fr-CA
2025-10-01T09:31:05.003Z INFO Added fallback translation
2025-10-01T10:20:12.110Z INFO SMS re-sent";data;notifications,data,template;"[\""DOC-604\"",\""DOC-603\""]";input-validation;NotificationsOps;0.2;resolved
INC-10064;Payments performance issue ERR_PAY_5592;Payments verification p95 increased due to slow OTP gateway responses.;P3;Payments;2025-08-27T13:49:34Z;2025-08-28T06:49:34Z;Third-party OTP gateway latency increased causing slow verification.;"[\""Switch to alternate OTP provider\"",\""Add OTP caching\"",\""Add retry logic\"",\""Instrument gateway metrics\"",\""Add guide in DOC-202\""]";"2025-08-27T13:49:34.189Z WARN OTPGateway latency=4200ms
2025-08-27T13:50:05.004Z INFO Switched provider
2025-08-27T14:20:12.110Z INFO Verification normalized";performance;payments,performance,otp;"[\""DOC-200\"",\""DOC-201\""]";dependency-failure;PaymentsOps;0.4;resolved
INC-10065;Catalog infra issue ERR_CAT_8820;Catalog nodes restarted repeatedly due to memory fragmentation after large image imports.;P3;Catalog;2025-11-08T04:32:34Z;2025-11-09T12:32:34Z;Large batch image imports caused high heap fragmentation.;"[\""Increase heap\"",\""Tune GC\"",\""Move image processing offline\"",\""Enable memory defragmentation jobs\"",\""Document image import policy in DOC-403\""]";"2025-11-08T04:32:34.189Z WARN JVM fragmentation=78%
2025-11-08T04:33:05.004Z INFO Restart triggered OOMKilled
2025-11-08T06:10:12.110Z INFO Heap tuned";infra;catalog,infra,image;"[\""DOC-403\"",\""DOC-404\""]";memory-leak;CatalogOps;0.7;resolved
INC-10066;Orders infra issue ERR_ORD_7410;Orders workers failing health checks due to corrupted container image after failed deployment.;P2;Orders;2025-07-21T02:49:34Z;2025-07-22T09:49:34Z;Container image partially pushed causing missing dependencies.;"[\""Rebuild container image\"",\""Purge cached images on nodes\"",\""Add checksum validation\"",\""Retry deployment\"",\""Document image rollout steps in DOC-304\""]";"2025-07-21T02:49:34.189Z ERROR ContainerInit missing dependency libpay.so
2025-07-21T02:50:05.003Z INFO Purged old images
2025-07-21T03:40:12.110Z INFO Redeployed successfully";infra;orders,infra,deploy;"[\""DOC-304\"",\""DOC-303\""]";deployment-failure;OrdersOps;0.7;resolved
INC-10067;Shipping config issue ERR_SHI_2900;Shipping API generated wrong carrier tokens due to misconfigured HMAC secret.;P3;Shipping;2025-09-05T21:40:34Z;2025-09-06T04:40:34Z;Incorrect HMAC secret promoted in config store.;"[\""Update HMAC secret\"",\""Invalidate old tokens\"",\""Sync config across nodes\"",\""Add HMAC unit tests\"",\""Document secret rotation in DOC-800\""]";"2025-09-05T21:40:34.189Z ERROR HMACVerifier invalid-token
2025-09-05T21:41:05.003Z INFO New secret synced
2025-09-05T22:20:12.110Z INFO Carrier tokens valid";config;shipping,config,hmac;"[\""DOC-800\"",\""DOC-801\""]";config-drift;ShippingOps;0.4;resolved
INC-10068;Auth bug issue ERR_AUT_3945;Auth session persistence broken intermittently due to Redis cluster failover.;P2;Auth;2025-10-22T16:50:34Z;2025-10-24T00:50:34Z;Redis failover caused lost session writes.;"[\""Enable Redis persistence\"",\""Add retry logic\"",\""Warm cache on failover\"",\""Monitor failover frequency\"",\""Document Redis behavior in DOC-100\""]";"2025-10-22T16:50:34.189Z ERROR RedisCluster failover-start
2025-10-22T16:51:01.004Z WARN Session write missed
2025-10-22T17:20:12.110Z INFO Failover stabilized";bug;auth,bug,redis;"[\""DOC-100\"",\""DOC-101\""]";cache-staleness;AuthOps;0.7;resolved
INC-10069;Catalog performance issue ERR_CAT_7722;Catalog search suggestions slow due to broken prefix-index cache.;P3;Catalog;2025-11-18T07:24:34Z;2025-11-19T09:24:34Z;Prefix-index cache corrupted during write.;"[\""Rebuild prefix cache\"",\""Add write-lock\"",\""Add corruption detector\"",\""Add integration test\"",\""Document prefix rules in DOC-400\""]";"2025-11-18T07:24:34.189Z ERROR PrefixCache corrupted entry id=fx12
2025-11-18T07:25:05.004Z INFO Cache rebuild started
2025-11-18T08:20:12.110Z INFO Cache restored";performance;catalog,performance,cache;"[\""DOC-400\"",\""DOC-402\""]";cache-corruption;CatalogOps;0.4;resolved
INC-10070;Payments bug issue ERR_PAY_5199;Payments webhook retries caused duplicate settlement due to out-of-order callbacks.;P4;Payments;2025-07-30T11:28:34Z;2025-08-01T05:28:34Z;Callback delivery not respecting order guarantees.;"[\""Add sequence numbers to callbacks\"",\""Enable idempotent settlement handler\"",\""Replay settlements for correction\"",\""Add ordering validation\"",\""Document callback behavior in DOC-201\""]";"2025-07-30T11:28:34.189Z ERROR Settlement duplicate event seq=12
2025-07-30T11:29:05.004Z INFO Sequence mismatch corrected
2025-07-30T12:20:12.110Z INFO Settlement fixed";bug;payments,bug,callback;"[\""DOC-201\"",\""DOC-200\""]";event-ordering;PaymentsOps;0.2;resolved
INC-10071;Orders performance issue ERR_ORD_7820;Order creation slowed due to synchronous call to address-validation service.;P3;Orders;2025-11-11T06:31:34Z;2025-11-12T11:31:34Z;Address-validation took longer due to degraded dependency.;"[\""Add async address validation\"",\""Use cached validations\"",\""Tune validation timeout\"",\""Add fallback rules\"",\""Document address validation in DOC-303\""]";"2025-11-11T06:31:34.189Z WARN AddressService latency=3800ms
2025-11-11T06:32:05.004Z INFO Cached fallback used
2025-11-11T08:20:12.110Z INFO Validation normalized";performance;orders,performance,address;"[\""DOC-303\"",\""DOC-304\""]";dependency-failure;OrdersOps;0.4;resolved
INC-10072;Search bug issue ERR_SEA_1610;Search suggestions showing broken characters due to UTF-8 decoding issue.;P4;Search;2025-09-28T18:00:34Z;2025-09-29T01:00:34Z;UTF-8 decoding error caused by outdated library.;"[\""Update decoding library\"",\""Add unicode handling tests\"",\""Sanitize broken strings\"",\""Rebuild suggestions index\"",\""Document unicode rules in DOC-700\""]";"2025-09-28T18:00:34.189Z ERROR UTF8Decoder InvalidSequence
2025-09-28T18:01:05.004Z INFO Updated decoder
2025-09-28T18:40:12.110Z INFO Rebuilt suggestions";bug;search,bug,utf8;"[\""DOC-700\"",\""DOC-702\""]";input-validation;SearchOps;0.2;resolved
INC-10073;Inventory infra issue ERR_INV_2391;Inventory workers failing health checks due to misconfigured JVM flags during release.;P3;Inventory;2025-10-06T07:29:34Z;2025-10-06T14:29:34Z;Incorrect JVM GC configuration introduced in new build.;"[\""Revert JVM flags\"",\""Tune GC\"",\""Add GC tests\"",\""Rebuild container image\"",\""Document GC settings in DOC-503\""]";"2025-10-06T07:29:34.189Z WARN GC pause=2100ms flag=UseZGC?
2025-10-06T07:30:01.003Z INFO Reverted to CMS
2025-10-06T08:20:12.110Z INFO Healthy";infra;inventory,infra,gc;"[\""DOC-503\"",\""DOC-500\""]";gc-pressure;InventoryOps;0.4;resolved
INC-10074;Notifications config issue ERR_NOT_1299;Push notifications for Android failing due to expired FCM credentials.;P2;Notifications;2025-08-20T09:15:34Z;2025-08-20T18:15:34Z;Expired FCM credentials caused rejected push requests.;"[\""Renew FCM credentials\"",\""Update secrets store\"",\""Add expiry alerts\"",\""Requeue failed pushes\"",\""Document FCM config in DOC-601\""]";"2025-08-20T09:15:34.189Z ERROR FCMAuth expired-credential
2025-08-20T09:16:01.003Z INFO Updated credentials
2025-08-20T10:20:12.110Z INFO Push restored";config;notifications,config,fcm;"[\""DOC-601\"",\""DOC-603\""]";config-drift;NotificationsOps;0.7;resolved
INC-10075;Shipping performance issue ERR_SHI_6190;Shipping rate calculator slow due to spike in carrier API latency.;P3;Shipping;2025-11-10T03:55:34Z;2025-11-11T04:55:34Z;Carrier API experienced degraded latency across regions.;"[\""Switch to fallback carrier\"",\""Cache rates\"",\""Add timeout policy\"",\""Prioritize urgent flows\"",\""Document carrier fallback in DOC-801\""]";"2025-11-10T03:55:34.189Z WARN CarrierAPI latency=4800ms
2025-11-10T03:56:01.005Z INFO Fallback carrier set
2025-11-10T04:20:12.110Z INFO Latency normalized";performance;shipping,performance,carrier;"[\""DOC-801\"",\""DOC-802\""]";dependency-failure;ShippingOps;0.4;resolved
INC-10076;Payments data issue ERR_PAY_8814;Payments settlement mismatched due to float precision error in rounding logic.;P4;Payments;2025-10-03T00:47:34Z;2025-10-04T03:47:34Z;Incorrect rounding rule applied for currency JPY.;"[\""Fix rounding rule\"",\""Re-run settlement for affected entries\"",\""Add test cases\"",\""Add multi-currency validation\"",\""Document rules in DOC-200\""]";"2025-10-03T00:47:34.189Z ERROR RoundingException currency=JPY
2025-10-03T00:48:01.004Z INFO Applied fix
2025-10-03T01:20:12.110Z INFO Settlement corrected";data;payments,data,rounding;"[\""DOC-200\"",\""DOC-201\""]";data-consistency;PaymentsOps;0.2;resolved
INC-10077;Catalog bug issue ERR_CAT_2291;Catalog returning duplicate items for search queries due to merge-index inconsistency.;P3;Catalog;2025-07-22T04:19:34Z;2025-07-22T22:19:34Z;Inconsistent merge-index state on secondary nodes.;"[\""Rebuild merge-index\"",\""Add merge validation\"",\""Resync secondary nodes\"",\""Add integrity checks\"",\""Document merge-index behavior in DOC-400\""]";"2025-07-22T04:19:34.189Z WARN MergeIndex mismatch node=catalog-2
2025-07-22T04:20:01.005Z INFO Rebuild started
2025-07-22T06:10:12.110Z INFO Index clean";bug;catalog,bug,index;"[\""DOC-400\"",\""DOC-402\""]";index-corruption;CatalogOps;0.4;resolved
INC-10078;Inventory config issue ERR_INV_5519;Inventory thresholds misapplied after config-sync job failed silently.;P4;Inventory;2025-09-14T04:38:34Z;2025-09-14T07:38:34Z;Threshold config not updated on three nodes.;"[\""Fix config-sync\"",\""Force threshold reload\"",\""Add config versioning\"",\""Add error alerts\"",\""Document reload process in DOC-500\""]";"2025-09-14T04:38:34.189Z WARN Threshold mismatch configured=20 actual=5
2025-09-14T04:39:01.004Z INFO Reloaded thresholds
2025-09-14T05:20:12.110Z INFO Values synced";config;inventory,config,threshold;"[\""DOC-500\"",\""DOC-503\""]";config-drift;InventoryOps;0.2;resolved
INC-10079;Search infra issue ERR_SEA_9300;Search cluster unstable due to overloaded coordinator node after spike in aggregation queries.;P1;Search;2025-10-01T10:25:34Z;2025-10-02T15:25:34Z;Coordinator node handling too many heavy aggregation queries.;"[\""Add dedicated coordinator tier\"",\""Add query shedding\"",\""Tune aggregation limits\"",\""Add autoscaling policy\"",\""Document aggregation limits in DOC-701\""]";"2025-10-01T10:25:34.189Z ERROR Coordinator overloaded cpu=98%
2025-10-01T10:26:01.003Z WARN Query shed started
2025-10-01T12:20:12.110Z INFO Stable";infra;search,infra,aggregation;"[\""DOC-701\"",\""DOC-700\""]";scaling;SearchOps;1.0;resolved
INC-10080;Payments bug issue ERR_PAY_7182;Payments callback receiver hit NPE when parsing optional metadata field.;P3;Payments;2025-11-13T07:57:34Z;2025-11-14T02:57:34Z;Metadata parsing failed due to unexpected null.;"[\""Add null checks\"",\""Patch metadata schema\"",\""Reprocess invalid callbacks\"",\""Add metadata tests\"",\""Document schema in DOC-201\""]";"2025-11-13T07:57:34.189Z ERROR CallbackParser NPE metadata=null
2025-11-13T07:58:01.005Z INFO Patched parser
2025-11-13T08:20:12.110Z INFO Reprocessed callbacks";bug;payments,bug,metadata;"[\""DOC-201\"",\""DOC-200\""]";input-validation;PaymentsOps;0.4;resolved
INC-10081;Auth performance issue ERR_AUT_2004;Auth login slowed due to overloaded audit-log writer thread.;P3;Auth;2025-08-02T22:47:34Z;2025-08-03T03:47:34Z;Audit-log writer blocked on slow disk.;"[\""Move audit logs to faster disk\"",\""Add async logging\"",\""Batch log writes\"",\""Add backpressure\"",\""Document logging strategy in DOC-101\""]";"2025-08-02T22:47:34.189Z WARN AuditWriter backlog=900
2025-08-02T22:48:12.005Z INFO Switched to async logging
2025-08-02T23:20:12.110Z INFO Latency improved";performance;auth,performance,logging;"[\""DOC-101\"",\""DOC-102\""]";io-pressure;AuthOps;0.4;resolved
INC-10082;Catalog performance issue ERR_CAT_6001;Catalog batch pricing updates slowed due to slow DB merge operations.;P3;Catalog;2025-11-21T03:43:34Z;2025-11-21T22:43:34Z;Large pricing updates causing slow merge queries.;"[\""Optimize merge statements\"",\""Add merge-index\"",\""Add batch-splitter\"",\""Tune DB vacuum\"",\""Document merge operations in DOC-403\""]";"2025-11-21T03:43:34.189Z WARN MergeQuery duration=4800ms
2025-11-21T03:44:05.003Z INFO Batch-splitting applied
2025-11-21T04:20:12.110Z INFO Merge improved";performance;catalog,performance,db;"[\""DOC-403\"",\""DOC-404\""]";db-latency;CatalogOps;0.4;resolved
INC-10083;Orders data issue ERR_ORD_9099;Orders service returned inconsistent delivery estimates after ingesting corrupted ETA data.;P3;Orders;2025-11-04T18:38:34Z;2025-11-05T22:38:34Z;ETA feed had corrupted date formats for segment C.;"[\""Fix date parser\"",\""Clean corrupted feed\"",\""Recalculate ETA\"",\""Add format validation\"",\""Document feed behavior in DOC-305\""]";"2025-11-04T18:38:34.189Z ERROR ETAParser InvalidDateFormat input=2025/13/05
2025-11-04T18:39:12.003Z INFO Cleaned feed
2025-11-04T19:20:12.110Z INFO ETA corrected";data;orders,data,eta;"[\""DOC-305\"",\""DOC-303\""]";data-corruption;OrdersOps;0.4;resolved
INC-10084;Shipping bug issue ERR_SHI_7721;Shipping returned stale tracking updates due to background sync job failing silently.;P3;Shipping;2025-11-17T09:57:34Z;2025-11-18T07:57:34Z;Tracking sync job failed due to expired API credentials.;"[\""Renew credentials\"",\""Restart sync job\"",\""Add credential expiry alerts\"",\""Requeue stale updates\"",\""Document tracking sync in DOC-802\""]";"2025-11-17T09:57:34.189Z ERROR TrackingSync unauthorized 401
2025-11-17T09:58:12.003Z INFO Credentials updated
2025-11-17T10:20:12.110Z INFO Sync restored";bug;shipping,bug,tracking;"[\""DOC-802\"",\""DOC-801\""]";input-validation;ShippingOps;0.4;resolved
INC-10085;Search infra issue ERR_SEA_8402;Search nodes flapping in and out of cluster due to unstable gossip protocol.;P2;Search;2025-10-18T11:20:34Z;2025-10-19T00:20:34Z;Gossip protocol timers misconfigured causing excessive suspicion timeouts.;"[\""Retune gossip heartbeat interval\"",\""Upgrade gossip library\"",\""Add cluster membership monitor\"",\""Validate node clocks\"",\""Document gossip tuning in DOC-701\""]";"2025-10-18T11:20:34.189Z WARN Gossip suspicion timeout node=search-4
2025-10-18T11:21:01.005Z INFO Gossip library upgraded
2025-10-18T12:10:12.110Z INFO Cluster stabilized";infra;search,infra,cluster;"[\""DOC-701\"",\""DOC-700\""]";cluster-instability;SearchOps;0.7;resolved
INC-10086;Inventory performance issue ERR_INV_8824;Inventory delta-sync consuming high CPU due to large JSON payloads.;P3;Inventory;2025-11-02T02:45:34Z;2025-11-03T08:45:34Z;Delta-sync job processed oversized JSON events causing CPU throttling.;"[\""Split large payloads\"",\""Compress JSON events\"",\""Add CPU throttling\"",\""Introduce delta batching\"",\""Document delta-sync behavior in DOC-503\""]";"2025-11-02T02:45:34.189Z WARN CPU spike=89% worker=delta-sync
2025-11-02T02:46:05.003Z INFO Payload splitter engaged
2025-11-02T03:20:12.110Z INFO Sync normalized";performance;inventory,performance,json;"[\""DOC-503\"",\""DOC-500\""]";cpu-hotspot;InventoryOps;0.4;resolved
INC-10087;Payments config issue ERR_PAY_6301;Payments gateway routing misconfigured leading to 20% request drop for EU users.;P2;Payments;2025-10-10T04:58:34Z;2025-10-10T15:58:34Z;Incorrect gateway endpoint for EU region after config promotion.;"[\""Fix EU gateway endpoint\"",\""Test region-based routing\"",\""Add region health checks\"",\""Document gateway configuration in DOC-200\"",\""Add config promotion guardrails\""]";"2025-10-10T04:58:34.189Z ERROR Gateway EU misroute
2025-10-10T04:59:01.005Z INFO Routing corrected
2025-10-10T06:20:12.110Z INFO EU requests normal";config;payments,config,region;"[\""DOC-200\"",\""DOC-202\""]";region-routing;PaymentsOps;0.7;resolved
INC-10088;Catalog bug issue ERR_CAT_3020;Catalog generated incorrect product prices due to floating-point precision drift in discount calculation.;P4;Catalog;2025-10-28T15:37:34Z;2025-10-29T21:37:34Z;Floating point arithmetic drift for complex discount rules.;"[\""Switch to BigDecimal for calculations\"",\""Reprice affected SKUs\"",\""Add precision tests\"",\""Add rounding rules\"",\""Document discount logic in DOC-402\""]";"2025-10-28T15:37:34.189Z ERROR PriceCalculator PrecisionError sku=SKU-55
2025-10-28T15:38:01.005Z INFO Updated pricing rules
2025-10-28T16:20:12.110Z INFO Prices corrected";bug;catalog,bug,pricing;"[\""DOC-402\"",\""DOC-403\""]";rounding-error;CatalogOps;0.2;resolved
INC-10089;Orders infra issue ERR_ORD_5129;Orders workers repeatedly OOM due to unbounded retry buffer for failed events.;P2;Orders;2025-11-07T03:03:34Z;2025-11-08T09:03:34Z;Retry buffer lacked upper bound leading to memory exhaustion.;"[\""Add retry buffer cap\"",\""Enable backpressure\"",\""Clear stale retries\"",\""Refactor retry policy\"",\""Document retry design in DOC-304\""]";"2025-11-07T03:03:34.189Z ERROR RetryBuffer OOM entries=22000
2025-11-07T03:04:12.004Z INFO Buffer pruned
2025-11-07T04:20:12.110Z INFO Stable memory";infra;orders,infra,retry;"[\""DOC-304\"",\""DOC-303\""]";memory-leak;OrdersOps;0.7;resolved
INC-10090;Shipping data issue ERR_SHI_4404;Shipping label generator returned malformed PDFs for international shipments.;P3;Shipping;2025-09-17T19:44:34Z;2025-09-18T23:44:34Z;Incorrect font package in label generator for international addresses.;"[\""Fix font package\"",\""Re-render affected labels\"",\""Add PDF validator\"",\""Add fallback font set\"",\""Document label rules in DOC-802\""]";"2025-09-17T19:44:34.189Z ERROR PDFGen FontError missing=Unicode-Pkg
2025-09-17T19:45:01.004Z INFO Re-rendered labels
2025-09-17T20:20:12.110Z INFO Labels valid";data;shipping,data,pdf;"[\""DOC-802\"",\""DOC-801\""]";formatting-error;ShippingOps;0.4;resolved
INC-10091;Auth infra issue ERR_AUT_8322;Auth nodes experienced slowdowns due to insufficient file descriptors for new logging subsystem.;P2;Auth;2025-08-22T01:16:34Z;2025-08-22T22:16:34Z;Increased log rotation frequency opened too many file handles.;"[\""Increase file descriptor limits\"",\""Batch log writes\"",\""Reduce rotation frequency\"",\""Add FD monitoring\"",\""Document FD tuning in DOC-100\""]";"2025-08-22T01:16:34.189Z ERROR TooManyFiles open_fds=4096
2025-08-22T01:17:01.003Z INFO FD limit increased
2025-08-22T02:20:12.110Z INFO Logging stable";infra;auth,infra,logging;"[\""DOC-100\"",\""DOC-101\""]";resource-limit;AuthOps;0.7;resolved
INC-10092;Notifications performance issue ERR_NOT_7130;Notifications fanout service hit CPU saturation when processing mega-campaign blast.;P2;Notifications;2025-11-13T06:48:34Z;2025-11-13T18:48:34Z;Fanout logic was not optimized for large recipient lists.;"[\""Add fanout batching\"",\""Use parallel fanout\"",\""Tune worker pool\"",\""Add campaign pre-checks\"",\""Document fanout rules in DOC-600\""]";"2025-11-13T06:48:34.189Z WARN CPU spike fanout=95%
2025-11-13T06:49:05.003Z INFO Applied parallel fanout
2025-11-13T07:20:12.110Z INFO Throughput normalized";performance;notifications,performance,fanout;"[\""DOC-600\"",\""DOC-601\""]";cpu-hotspot;NotificationsOps;0.7;resolved
INC-10093;Payments bug issue ERR_PAY_4521;Chargeback processor duplicated refund entries for idempotent callbacks.;P3;Payments;2025-09-26T06:50:34Z;2025-09-28T07:50:34Z;Callback handler treated duplicate callbacks as new entries.;"[\""Add idempotency support\"",\""Merge duplicates\"",\""Patch callback handler\"",\""Add correlation-id tests\"",\""Document callback requirements in DOC-201\""]";"2025-09-26T06:50:34.189Z ERROR Chargeback duplicate callback for txn=1221
2025-09-26T06:51:01.004Z INFO Merged duplicates
2025-09-26T08:20:12.110Z INFO Normalized";bug;payments,bug,callback;"[\""DOC-201\"",\""DOC-200\""]";data-consistency;PaymentsOps;0.4;resolved
INC-10094;Catalog infra issue ERR_CAT_9800;Catalog ingestion pipeline stalled due to missing Kafka topic partitions.;P2;Catalog;2025-07-13T03:37:34Z;2025-07-13T14:37:34Z;Topic created with insufficient partitions to handle ingestion throughput.;"[\""Increase partitions\"",\""Rebalance consumers\"",\""Replay ingestion backlog\"",\""Add throughput estimator\"",\""Document ingestion requirements in DOC-403\""]";"2025-07-13T03:37:34.189Z WARN Kafka partitions=1 expected>=6
2025-07-13T03:38:01.005Z INFO Increased partitions
2025-07-13T05:20:12.110Z INFO Backlog cleared";infra;catalog,infra,kafka;"[\""DOC-403\"",\""DOC-404\""]";queue-backlog;CatalogOps;0.7;resolved
INC-10095;Orders performance issue ERR_ORD_6240;Order summary endpoint slowed due to inefficient join across customer and address tables.;P3;Orders;2025-09-22T13:40:34Z;2025-09-23T17:40:34Z;Join query lacked composite index causing full table scans.;"[\""Add composite index\"",\""Rewrite join query\"",\""Add slow-query alerts\"",\""Cache summary results\"",\""Document query tuning in DOC-303\""]";"2025-09-22T13:40:34.189Z ERROR SQL slow join duration=5200ms
2025-09-22T13:41:01.003Z INFO Index created
2025-09-22T14:20:12.110Z INFO Endpoint fast";performance;orders,performance,db;"[\""DOC-303\"",\""DOC-304\""]";db-latency;OrdersOps;0.4;resolved
INC-10096;Inventory data issue ERR_INV_2880;Inventory contained stale vendor SKUs due to missing delta feed on east-region.;P3;Inventory;2025-08-19T14:10:34Z;2025-08-20T02:10:34Z;Delta feed not delivered due to broken scheduler.;"[\""Fix scheduler\"",\""Replay delta feed\"",\""Add scheduler health checks\"",\""Add monitoring for feed gaps\"",\""Document feed delivery in DOC-502\""]";"2025-08-19T14:10:34.189Z WARN DeltaFeed missing entries region=east
2025-08-19T14:11:12.004Z INFO Scheduler restarted
2025-08-19T15:20:12.110Z INFO Feed replayed";data;inventory,data,feed;"[\""DOC-502\"",\""DOC-503\""]";ingestion-lag;InventoryOps;0.4;resolved
INC-10097;Search data issue ERR_SEA_4422;Search autosuggest leaking deleted products because of outdated incremental-sync.;P4;Search;2025-11-06T08:05:34Z;2025-11-07T04:05:34Z;Incremental sync job skipped deletion events due to incorrect filtering.;"[\""Fix filter expression\"",\""Replay full sync\"",\""Add deletion tests\"",\""Add incremental-sync monitor\"",\""Document sync logic in DOC-700\""]";"2025-11-06T08:05:34.189Z ERROR SyncJob skipped delete event id=PRD-17
2025-11-06T08:06:05.004Z INFO Full sync triggered
2025-11-06T09:20:12.110Z INFO Suggest clean";data;search,data,sync;"[\""DOC-700\"",\""DOC-701\""]";data-staleness;SearchOps;0.2;resolved
INC-10098;Notifications config issue ERR_NOT_2089;Notification routing misapplied due to missing priority mapping for new event type.;P3;Notifications;2025-09-08T01:17:34Z;2025-09-09T02:17:34Z;Priority map missing entry for event type 'promo.high'.;"[\""Add missing priority\"",\""Requeue affected events\"",\""Add schema validation\"",\""Add routing tests\"",\""Document routing in DOC-603\""]";"2025-09-08T01:17:34.189Z WARN Priority missing event=promo.high
2025-09-08T01:18:01.005Z INFO Requeued events
2025-09-08T02:20:12.110Z INFO Routing fixed";config;notifications,config,routing;"[\""DOC-603\"",\""DOC-601\""]";config-drift;NotificationsOps;0.4;resolved
INC-10099;Auth data issue ERR_AUT_9111;Auth MFA codes not delivered due to outdated phone number validation rules.;P4;Auth;2025-10-14T09:33:34Z;2025-10-14T16:33:34Z;Validation rules rejected valid modern mobile prefixes.;"[\""Update phone validator\"",\""Re-send MFA codes\"",\""Add prefix-map tests\"",\""Notify affected users\"",\""Document rules in DOC-102\""]";"2025-10-14T09:33:34.189Z ERROR PhoneValidator invalid-prefix prefix=982
2025-10-14T09:34:05.004Z INFO Validator updated
2025-10-14T10:20:12.110Z INFO MFA delivered";data;auth,data,validation;"[\""DOC-102\"",\""DOC-100\""]";input-validation;AuthOps;0.2;resolved
INC-10100;Catalog performance issue ERR_CAT_5509;Catalog aggregation slowed due to missing cache hints in expensive queries.;P3;Catalog;2025-09-25T02:29:34Z;2025-09-25T20:29:34Z;Queries lacked hints causing unnecessary scans.;"[\""Add cache hints\"",\""Tune slow queries\"",\""Add hot-path indexes\"",\""Add query sampling\"",\""Document query tuning in DOC-402\""]";"2025-09-25T02:29:34.189Z WARN Query slow path
2025-09-25T02:30:12.004Z INFO Added hints
2025-09-25T03:20:12.110Z INFO Faster queries";performance;catalog,performance,db;"[\""DOC-402\"",\""DOC-403\""]";db-latency;CatalogOps;0.4;resolved
INC-10101;Orders bug issue ERR_ORD_6005;Orders returned inconsistent state transitions due to double-applied workflow rules.;P2;Orders;2025-11-09T04:17:34Z;2025-11-10T11:17:34Z;Workflow engine processed events twice after failover.;"[\""Enable dedupe on workflow engine\"",\""Fix double-emit bug\"",\""Reprocess affected orders\"",\""Add workflow audit\"",\""Document workflow rules in DOC-304\""]";"2025-11-09T04:17:34.189Z ERROR Workflow duplicate events state=packed
2025-11-09T04:18:01.004Z INFO Dedupe enabled
2025-11-09T05:20:12.110Z INFO State consistent";bug;orders,bug,workflow;"[\""DOC-304\"",\""DOC-305\""]";data-consistency;OrdersOps;0.7;resolved
INC-10102;Payments infra issue ERR_PAY_4800;Payments workers halted due to deadlock in thread pool executor.;P1;Payments;2025-08-05T05:42:34Z;2025-08-06T03:42:34Z;Thread pool saturation and deadlock on queue insertion.;"[\""Patch thread executor\"",\""Add watchdog thread\"",\""Enable abort policy\"",\""Tune pool sizes\"",\""Document thread config in DOC-202\""]";"2025-08-05T05:42:34.189Z ERROR Executor deadlock detected
2025-08-05T05:43:01.004Z INFO Applied patch
2025-08-05T06:20:12.110Z INFO Workers restored";infra;payments,infra,thread;"[\""DOC-202\"",\""DOC-200\""]";thread-deadlock;PaymentsOps;1.0;resolved
INC-10103;Shipping performance issue ERR_SHI_4440;Shipping distance calculator hit high latency during map-provider outage.;P3;Shipping;2025-10-19T14:34:34Z;2025-10-20T02:34:34Z;Map provider responded slowly causing increased ETA calculations.;"[\""Switch to fallback provider\"",\""Cache repeated queries\"",\""Add timeout rules\"",\""Scale distance workers\"",\""Document map fallback in DOC-801\""]";"2025-10-19T14:34:34.189Z WARN MapProvider latency=4300ms
2025-10-19T14:35:12.003Z INFO Fallback engaged
2025-10-19T15:20:12.110Z INFO ETA normal";performance;shipping,performance,eta;"[\""DOC-801\"",\""DOC-802\""]";dependency-failure;ShippingOps;0.4;resolved
INC-10104;Search bug issue ERR_SEA_9100;Search filter queries failing due to unexpected NULL in filter tree.;P3;Search;2025-11-03T08:00:34Z;2025-11-03T17:00:34Z;Filter tree generation introduced null nodes after new filter-type added.;"[\""Add guard for null filters\"",\""Regenerate filter tree\"",\""Add filter schema tests\"",\""Fix filter builder\"",\""Document filter behavior in DOC-702\""]";"2025-11-03T08:00:34.189Z ERROR FilterBuilder NullNode
2025-11-03T08:01:01.003Z INFO Regenerated filter tree
2025-11-03T08:20:12.110Z INFO Filters valid";bug;search,bug,filter;"[\""DOC-702\"",\""DOC-700\""]";schema-mismatch;SearchOps;0.4;resolved
INC-10105;Inventory infra issue ERR_INV_8081;Inventory region sync failing due to network partition between east and west clusters.;P2;Inventory;2025-11-14T21:25:34Z;2025-11-15T18:25:34Z;Inter-region connectivity degraded due to ISP routing congestion.;"[\""Route through backup circuit\"",\""Retry region sync\"",\""Add network-monitor alerts\"",\""Coordinate with ISP\"",\""Document inter-region sync in DOC-500\""]";"2025-11-14T21:25:34.189Z ERROR ClusterSync route-fail east->west
2025-11-14T21:26:01.005Z INFO Failover route active
2025-11-14T22:20:12.110Z INFO Sync successful";infra;inventory,infra,network;"[\""DOC-500\"",\""DOC-503\""]";network-partition;InventoryOps;0.7;resolved
INC-10106;Catalog data issue ERR_CAT_9923;Catalog showed outdated brand metadata due to stale cache TTL misconfigured.;P4;Catalog;2025-10-07T07:32:34Z;2025-10-07T18:32:34Z;Cache TTL set too high causing outdated metadata.;"[\""Lower cache TTL\"",\""Invalidate old entries\"",\""Add TTL unit tests\"",\""Monitor brand metadata freshness\"",\""Document TTL rules in DOC-402\""]";"2025-10-07T07:32:34.189Z WARN Metadata stale brand=AlphaCo
2025-10-07T07:33:01.004Z INFO TTL updated
2025-10-07T08:20:12.110Z INFO Metadata fresh";data;catalog,data,cache;"[\""DOC-402\"",\""DOC-400\""]";cache-staleness;CatalogOps;0.2;resolved
INC-10107;Orders config issue ERR_ORD_1190;Orders fraud-check disabled inadvertently after bad config merge.;P1;Orders;2025-09-28T12:58:34Z;2025-09-29T05:58:34Z;Config merge dropped fraud-check flag for region A.;"[\""Restore fraud-check flag\"",\""Fix merge script\"",\""Add config validation\"",\""Notify fraud team\"",\""Document merge rules in DOC-303\""]";"2025-09-28T12:58:34.189Z ERROR FraudCheck disabled
2025-09-28T12:59:12.003Z INFO Flag restored
2025-09-28T13:20:12.110Z INFO Fraud-check active";config;orders,config,fraud;"[\""DOC-303\"",\""DOC-304\""]";config-drift;OrdersOps;1.0;resolved
INC-10108;Payments performance issue ERR_PAY_7788;Payments export to accounting slowed due to inefficient CSV writer.;P3;Payments;2025-07-12T05:15:34Z;2025-07-12T18:15:34Z;CSV writer used synchronous flush per row.;"[\""Switch to buffered writer\"",\""Batch writes\"",\""Add async file writes\"",\""Add file flush intervals\"",\""Document export pipeline in DOC-202\""]";"2025-07-12T05:15:34.189Z WARN CSVWriter flush-per-row
2025-07-12T05:16:01.003Z INFO Buffered writes enabled
2025-07-12T06:20:12.110Z INFO Export fast";performance;payments,performance,export;"[\""DOC-202\"",\""DOC-201\""]";io-pressure;PaymentsOps;0.4;resolved
INC-10109;Search performance issue ERR_SEA_6171;Search cluster slowed during term-vector rebuild jobs causing degraded relevancy.;P3;Search;2025-11-12T09:45:34Z;2025-11-13T02:45:34Z;Term-vector rebuild jobs saturated CPU on index nodes.;"[\""Throttle rebuild jobs\"",\""Move builds to off-peak\"",\""Scale index nodes\"",\""Add CPU quotas\"",\""Document rebuild steps in DOC-700\""]";"2025-11-12T09:45:34.189Z WARN TermVectorRebuild cpu=96%
2025-11-12T09:46:01.003Z INFO Rebuild throttled
2025-11-12T10:20:12.110Z INFO CPU normalized";performance;search,performance,rebuild;"[\""DOC-700\"",\""DOC-702\""]";cpu-hotspot;SearchOps;0.4;resolved
INC-10110;Auth config issue ERR_AUT_4871;Auth captcha validation broke due to missing environment variable in new deployment.;P3;Auth;2025-08-15T18:22:34Z;2025-08-16T03:22:34Z;Env variable CAPTCHA_PUBLIC_KEY not injected.;"[\""Inject missing variable\"",\""Update manifest\"",\""Add env validation step\"",\""Inform SRE\"",\""Document env vars in DOC-100\""]";"2025-08-15T18:22:34.189Z ERROR CaptchaInvalid key=missing
2025-08-15T18:23:01.003Z INFO Key injected
2025-08-15T19:20:12.110Z INFO Captcha valid";config;auth,config,env;"[\""DOC-100\"",\""DOC-101\""]";config-drift;AuthOps;0.4;resolved
INC-10111;Notifications bug issue ERR_NOT_6550;Email renderer produced malformed HTML due to missing closing tags in template.;P4;Notifications;2025-09-30T22:38:34Z;2025-10-01T07:38:34Z;Template missing essential HTML tags.;"[\""Fix HTML templates\"",\""Add HTML validator\"",\""Re-send emails\"",\""Add template pre-checks\"",\""Document HTML patterns in DOC-601\""]";"2025-09-30T22:38:34.189Z ERROR HTMLRenderer MissingTagException tag=/div
2025-09-30T22:39:01.004Z INFO Template updated
2025-09-30T23:20:12.110Z INFO Emails re-sent";bug;notifications,bug,template;"[\""DOC-601\"",\""DOC-603\""]";input-validation;NotificationsOps;0.2;resolved
INC-10112;Orders infra issue ERR_ORD_7833;Orders cluster experienced rolling restarts due to noisy neighbor on host VM.;P3;Orders;2025-10-22T21:52:34Z;2025-10-23T15:52:34Z;Host VM spiking IO impacted shared containers.;"[\""Move containers to quieter hosts\"",\""Add IO isolation\"",\""Engage infra\"",\""Add placement rules\"",\""Document VM isolation in DOC-304\""]";"2025-10-22T21:52:34.189Z WARN Node IOUtil=99%
2025-10-22T21:53:01.004Z INFO Migrated containers
2025-10-22T22:20:12.110Z INFO Stable";infra;orders,infra,io;"[\""DOC-304\"",\""DOC-303\""]";noisy-neighbor;OrdersOps;0.4;resolved
INC-10113;Payments data issue ERR_PAY_6608;Payments ledger mismatched due to delayed ingestion from event stream.;P3;Payments;2025-11-01T03:24:34Z;2025-11-02T05:24:34Z;Stream consumer stuck on corrupted message.;"[\""Skip corrupted message\"",\""Add dead-letter routing\"",\""Replay backlog\"",\""Add stream validator\"",\""Document ingestion steps in DOC-201\""]";"2025-11-01T03:24:34.189Z ERROR StreamConsumer CorruptMessage msgId=889
2025-11-01T03:25:01.003Z INFO Skipped corrupt entry
2025-11-01T04:20:12.110Z INFO Ledger normalized";data;payments,data,stream;"[\""DOC-201\"",\""DOC-200\""]";ingestion-lag;PaymentsOps;0.4;resolved
INC-10114;Shipping config issue ERR_SHI_5210;Shipping cost API returned incorrect surcharges due to misconfigured region multipliers.;P3;Shipping;2025-10-03T03:30:34Z;2025-10-04T02:30:34Z;Region multiplier config incorrectly merged.;"[\""Fix multiplier config\"",\""Recalculate affected orders\"",\""Add config validator\"",\""Add region test cases\"",\""Document surcharge rules in DOC-802\""]";"2025-10-03T03:30:34.189Z WARN Multiplier invalid region=APAC
2025-10-03T03:31:01.003Z INFO Corrected multiplier
2025-10-03T04:20:12.110Z INFO Surcharges corrected";config;shipping,config,pricing;"[\""DOC-802\"",\""DOC-801\""]";config-drift;ShippingOps;0.4;resolved
INC-10115;Inventory bug issue ERR_INV_9222;Inventory decrement occasionally double-applied due to concurrency race in adjustDelta.;P2;Inventory;2025-07-29T16:17:34Z;2025-07-30T12:17:34Z;Race condition in adjustDelta path under high concurrency.;"[\""Add lock around adjustDelta\"",\""Add idempotency\"",\""Fix race in decrement logic\"",\""Recalculate incorrect stocks\"",\""Document concurrency rules in DOC-503\""]";"2025-07-29T16:17:34.189Z ERROR AdjustDelta applied twice sku=AB-22
2025-07-29T16:18:01.004Z INFO Lock added
2025-07-29T17:20:12.110Z INFO Stock corrected";bug;inventory,bug,tx;"[\""DOC-503\"",\""DOC-500\""]";race-condition;InventoryOps;0.7;resolved
INC-10116;Catalog config issue ERR_CAT_7841;Catalog CDN URLs generated incorrectly due to malformed config template.;P3;Catalog;2025-11-04T20:41:34Z;2025-11-05T01:41:34Z;Missing prefix variable in CDN template.;"[\""Fix CDN template\"",\""Purge CDN cache\"",\""Add template tests\"",\""Add config versioning\"",\""Document CDN rules in DOC-403\""]";"2025-11-04T20:41:34.189Z ERROR CDNTemplate missing prefix var
2025-11-04T20:42:01.004Z INFO Template fixed
2025-11-04T21:20:12.110Z INFO CDN stable";config;catalog,config,cdn;"[\""DOC-403\"",\""DOC-404\""]";config-drift;CatalogOps;0.4;resolved
INC-10117;Auth bug issue ERR_AUT_8710;Auth token-signature verification failed intermittently due to outdated JWK cache.;P2;Auth;2025-11-08T09:59:34Z;2025-11-08T16:59:34Z;JWK cache TTL too long causing outdated keys used for verification.;"[\""Shorten JWK TTL\"",\""Force refresh cache\"",\""Add key-expiry monitor\"",\""Patch verifier logic\"",\""Document JWK policy in DOC-102\""]";"2025-11-08T09:59:34.189Z ERROR JWKVerifier signature mismatch kid=old-112
2025-11-08T10:01:01.004Z INFO Cache refreshed
2025-11-08T10:20:12.110Z INFO Verification restored";bug;auth,bug,jwk;"[\""DOC-102\"",\""DOC-100\""]";cache-staleness;AuthOps;0.7;resolved